{"total_energy":8634.775208075114,"power_avg":1.0738434533111696,"duration":2680.3333333333335}