{"total_energy":8589.433304305721,"power_avg":1.085346639411893,"duration":2638}