{"total_energy":7924.831316452477,"power_avg":1.145703529919398,"duration":2305.6666666666665}