{"total_energy":7428.309284705888,"power_avg":3.8810393337021356,"duration":1914}