{"total_energy":8681.843007029525,"power_avg":1.079160100314422,"duration":2681.6666666666665}