{"total_energy":8784.72923987305,"power_avg":1.0788074714322793,"duration":2714.3333333333335}