{"total_energy":8662.507168791164,"power_avg":1.0832196034501893,"duration":2665.6666666666665}