{"total_energy":7917.3809191957,"power_avg":1.1364117868803933,"duration":2322.3333333333335}