{"total_energy":8041.434389864817,"power_avg":1.154549086843477,"duration":2321.6666666666665}