{"total_energy":7973.626504053556,"power_avg":1.1487720074994319,"duration":2313.6666666666665}