{"total_energy":7932.109663993586,"power_avg":1.1409824027608726,"duration":2317.3333333333335}