{"total_energy":8523.237688370717,"power_avg":1.0856244667393602,"duration":2617}