{"total_energy":8734.250268589725,"power_avg":1.1089703235893507,"duration":2625.3333333333335}