{"total_energy":8534.437424320879,"power_avg":1.0743249527090732,"duration":2648}