{"total_energy":7957.3613465512835,"power_avg":1.144285497059431,"duration":2318}