{"total_energy":8001.577965956349,"power_avg":1.1567988963360343,"duration":2305.6666666666665}