{"total_energy":7993.164430892457,"power_avg":1.146795470716278,"duration":2323.3333333333335}