{"total_energy":8144.6385854821565,"power_avg":1.1564160990319687,"duration":2347.6666666666665}