{"total_energy":8057.471988579396,"power_avg":1.1490975454334562,"duration":2337.3333333333335}