{"total_energy":8727.724450442616,"power_avg":1.0839200758125456,"duration":2684}