{"total_energy":8669.733082356537,"power_avg":1.074050183641791,"duration":2690.6666666666665}