{"total_energy":7767.3708327475715,"power_avg":1.1474916284159509,"duration":2256.3333333333335}