{"total_energy":8633.705830349652,"power_avg":1.070648044438201,"duration":2688}