{"total_energy":8514.742600748948,"power_avg":1.083714216717443,"duration":2619}