{"total_energy":8424.554331392595,"power_avg":1.0895698824874025,"duration":2577.3333333333335}