{"total_energy":7823.463238483781,"power_avg":1.138455069628024,"duration":2290.6666666666665}