{"total_energy":8438.276247203627,"power_avg":1.081830288103029,"duration":2600}