{"total_energy":8682.034880770289,"power_avg":1.076641230254252,"duration":2688}