{"total_energy":7961.590426691407,"power_avg":1.1483615212305505,"duration":2311}