{"total_energy":7777.161457781396,"power_avg":1.1595588873984488,"duration":2235.6666666666665}