{"total_energy":7932.484937549099,"power_avg":1.1385797240633126,"duration":2322.3333333333335}