{"total_energy":7930.1732073420335,"power_avg":1.144655486048215,"duration":2309.3333333333335}