{"total_energy":7959.289028977326,"power_avg":1.1458809428415384,"duration":2315.3333333333335}