{"total_energy":8876.232079857087,"power_avg":1.0881736030228133,"duration":2719}