{"total_energy":8541.412822632476,"power_avg":1.0692805236144811,"duration":2662.6666666666665}