{"total_energy":8075.991722471019,"power_avg":1.1468321105468644,"duration":2347.3333333333335}