{"total_energy":7905.693238886343,"power_avg":1.1487493808320755,"duration":2294}