{"total_energy":8517.700910837391,"power_avg":1.0703318560991948,"duration":2652.6666666666665}