{"total_energy":8505.407390764854,"power_avg":1.083353380558509,"duration":2617}