{"total_energy":7956.170323733601,"power_avg":1.1406695804635987,"duration":2325}