{"total_energy":8048.6214484343745,"power_avg":1.1473444687718282,"duration":2338.3333333333335}