{"total_energy":7883.6102505344825,"power_avg":1.149884809004446,"duration":2285.3333333333335}