{"total_energy":8532.237818807487,"power_avg":1.0796201213219647,"duration":2634.3333333333335}