{"total_energy":8529.365999478707,"power_avg":1.0691108046476192,"duration":2659.3333333333335}