{"total_energy":7857.3341578259215,"power_avg":1.1433838995672179,"duration":2290.6666666666665}