{"total_energy":8581.8888519399,"power_avg":1.0811147457722223,"duration":2646}