{"total_energy":7943.358310936421,"power_avg":1.1515451306083533,"duration":2299.3333333333335}