{"total_energy":8539.611991293472,"power_avg":1.0857739340487567,"duration":2621.6666666666665}