{"total_energy":8346.368333404387,"power_avg":1.0679933887913484,"duration":2605}